ocr_slice,count,accuracy
low_ocr,145,0.8620689655172413
medium_ocr,673,0.8484398216939079
high_ocr,1182,0.8722504230118443
