blur_slice,count,accuracy
low_blur,216,0.8333333333333334
medium_blur,958,0.8611691022964509
high_blur,826,0.8825665859564165
