ocr_slice,count,accuracy
low_ocr,145,0.8551724137931035
medium_ocr,673,0.8514115898959881
high_ocr,1182,0.877326565143824
