blur_slice,count,accuracy
low_blur,216,0.8240740740740741
medium_blur,958,0.8590814196242171
high_blur,826,0.8789346246973365
