{
  "model": "CatBoost",
  "task": "quality",
  "n_trials": 100,
  "best_params": {
    "iterations": 600,
    "learning_rate": 0.00876834555586394,
    "depth": 9,
    "l2_leaf_reg": 7.52551598684107,
    "bagging_temperature": 0.0631064304715568,
    "random_strength": 0.17638799478766257,
    "min_data_in_leaf": 98,
    "max_bin": 259,
    "subsample": 0.649458378196954,
    "colsample_bylevel": 0.983904729069866
  },
  "cv_f1_mean": 0.7828417068518883,
  "test_f1": 0.7767857142857143,
  "test_auc": 0.8292090220253673,
  "timestamp": "2025-12-04T03:47:11.423250"
}